{
    "output_file": "VaultConfig.json",

    "togLive": {
        "type": "checkbox",
        "value": true,
        "label": "Stream Must Be Live",
        "tooltip": "Enable this checkbox if stream must be live in order to use commands.",
        "group": "Basic Settings"
    },
    "permission": {
        "type": "dropdown",
        "value": "Everyone",
        "items": ["Everyone","Regular","Subscriber","Moderator","Caster"],
        "label": "Permission level",
        "tooltip": "Set the permission level for the command",
        "group": "Basic Settings"
    },
    "betDefault": {
        "type": "numberbox",
        "value": 50,
        "label": "Bet Default",
        "tooltip": "Minimum amount of currency needed to initiate the game.",
        "group": "Basic Settings"
    },
    "betCheck": {
        "type": "numberbox",
        "value": 25,
        "label": "Bet Check",
        "tooltip": "Cost to check the Low and High values.",
        "group": "Basic Settings"
    },
    "betStart": {
        "type": "numberbox",
        "value": 1000,
        "label": "Vault Start",
        "tooltip": "Amount that starts in the vault.",
        "group": "Basic Settings"
    },
    "betAdditional": {
        "type": "numberbox",
        "value": 50,
        "label": "Additional",
        "tooltip": "Additional amount that goes into the vault on loss. (Doesn't come out of user's pocket)",
        "group": "Basic Settings"
    },
    "betHigh": {
        "type": "numberbox",
        "value": 1000,
        "label": "Max Combination",
        "tooltip": "Highest number that the vault combination can be.",
        "group": "Basic Settings"
    },
	"command": {
        "type": "textbox",
        "value": "!vault",
        "label": "Command",
        "tooltip": "Command to use to initiate a vault.",
        "group": "Commands"
    },
	"cmdCheck": {
        "type": "textbox",
        "value": "!vaultcheck",
        "label": "Check Command",
        "tooltip": "Command to use to check low and high values.",
        "group": "Commands"
    },
	"cmdVersion": {
        "type": "textbox",
        "value": "!vaultversion",
        "label": "Script Version (Caster Only)",
        "tooltip": "Caster command that will display script version.",
        "group": "Commands"
    },
	"cmdAdmin": {
        "type": "textbox",
        "value": "!vaultadmin",
        "label": "Admin Command (Caster Only)",
        "tooltip": "Caster command that will allow Caster to manipulate various game aspects.",
        "group": "Commands"
    },
    "togCooldown": {
        "type": "checkbox",
        "value": true,
        "label": "Cooldown ON/OFF",
        "tooltip": "Enable/Disable cooldown.",
        "group": "Cooldown"
    },
    "togCooldownCaster": {
        "type": "checkbox",
        "value": true,
        "label": "Caster Cooldown",
        "tooltip": "Enable/Disable cooldown for Caster.",
        "group": "Cooldown"
    },
    "timerCooldown": {
        "type": "numberbox",
        "label": "Cooldown (seconds)",
        "value": 300,
        "tooltip": "Cooldown timer in seconds.",
        "group": "Cooldown"
    },
    "respCooldownUser": {
        "type": "textbox",
        "value": "{0}, the command is still on cooldown for {1} seconds!",
        "label": "User Cooldown Response",
        "tooltip": "Message that the bot will display when the command is on cooldown for user. \r\n {0} = User \r\n {1} = Time remaining",
        "group": "Cooldown"
    },
    "respEmpty": {
        "type": "textbox",
        "value": "{0}, to play the game do: {1} <combination>. Combination must be a numeric value from 1 to {2}. You can also check the Low-High values with {3}.",
        "label": "Command Syntax",
        "tooltip": "Message that will display if user just types the command. \r\n {0} = User \r\n {1} = Command, \r\n {2} = Max Number \r\n {3} = Vault Check",
        "group": "Response Messages"
    },
    "respEmptyCheck": {
        "type": "textbox",
        "value": "{0}, to check LOW-HIGH values, do {1} execute. It costs {2} {3} to use this command.",
        "label": "Check Syntax",
        "tooltip": "Message that will display LOW HIGH values. \r\n {0} = User \r\n {1} = Command, \r\n {2} = Cost \r\n {3} = Currency Name",
        "group": "Response Messages"
    },
    "respNotLive": {
        "type": "textbox",
        "value": "Sorry {0}, but the stream must be live in order to use that command.",
        "label": "Not Live",
        "tooltip": "Message that will display if user attempts to use the command while stream is not live. \r\n {0} = User",
        "group": "Response Messages"
    },
    "respNotEnoughPoints": {
        "type": "textbox",
        "value": "{0}, sorry but you need {1} {2} to use that command.",
        "label": "Not Enough Points",
        "tooltip": "Message that will display when user doesn't have enough points to use command. \r\n {0} = User \r\n {1} = Cost \r\n {2} = Currency Name",
        "group": "Response Messages"
    },
    "respGuessInvalid": {
        "type": "textbox",
        "value": "{0}, sorry but {1} does not fit the vault criteria. Please try a number from 1 to {2}.",
        "label": "Invalid Guess",
        "tooltip": "Message that will display if user inputs an invalid guess. \r\n {0} = User \r\n {1} = Invalid Guess \r\n {2} = Max Number",
        "group": "Response Messages"
    },
    "respGuessWin": {
        "type": "textbox",
        "value": "Congratulations {0}! {1} was the correct combination to open the vault. Inside you find {2} {3} which includes your {4} {3} guess fees.",
        "label": "Victory Response",
        "tooltip": "Message that will display when user wins the game. \r\n {0} = User \r\n {1} = Correct Answer \r\n {2} = Jackpot \r\n {3} = Currency Name \r\n {4} = Default Bet",
        "group": "Response Messages"
    },
    "respGuessLose": {
        "type": "textbox",
        "value": "{0}, sorry but {1} was not the correct combination to open the vault. The vault has increased to {2} {3}. After careful consideration, you conclude that the combination must be... {4}",
        "label": "Loser Response",
        "tooltip": "Message that will display when user loses the game. \r\n {0} = User \r\n {1} = Guess \r\n {2} = Jackpot \r\n {3} = Currency Name \r\n {4} = Hint",
        "group": "Response Messages"
    },
    "respCheck": {
        "type": "textbox",
        "value": "{0} spends {1} {2} to reveal that the combination is from {3} to {4}. The vault now has {5} {2} in it.",
        "label": "Loser Response",
        "tooltip": "Message that will display when user checks high low values. \r\n {0} = User \r\n {1} = Cost \r\n {2} = Currency Name \r\n {3} = Low \r\n {4} = High \r\n {5} = Jackpot",
        "group": "Response Messages"
    }
}
